area_fips,own_code,industry_code,agglvl_code,size_code,year,qtr,disclosure_code,area_title,own_title,industry_title,agglvl_title,size_title,qtrly_estabs_count,month1_emplvl,month2_emplvl,month3_emplvl,total_qtrly_wages,taxable_qtrly_wages,qtrly_contributions,avg_wkly_wage,lq_disclosure_code,lq_qtrly_estabs_count,lq_month1_emplvl,lq_month2_emplvl,lq_month3_emplvl,lq_total_qtrly_wages,lq_taxable_qtrly_wages,lq_qtrly_contributions,lq_avg_wkly_wage,oty_disclosure_code,oty_qtrly_estabs_count_chg,oty_qtrly_estabs_count_pct_chg,oty_month1_emplvl_chg,oty_month1_emplvl_pct_chg,oty_month2_emplvl_chg,oty_month2_emplvl_pct_chg,oty_month3_emplvl_chg,oty_month3_emplvl_pct_chg,oty_total_qtrly_wages_chg,oty_total_qtrly_wages_pct_chg,oty_taxable_qtrly_wages_chg,oty_taxable_qtrly_wages_pct_chg,oty_qtrly_contributions_chg,oty_qtrly_contributions_pct_chg,oty_avg_wkly_wage_chg,oty_avg_wkly_wage_pct_chg
1000,5,1122,56,0,2017,3,,Alabama -- Statewide,Private,NAICS 1122 Hog and pig farming,"State, NAICS 4-digit -- by ownership sector",All establishment sizes,3,26,28,26,191366,38223,225,552,,0.1,0.06,0.06,0.06,0.06,0.05,0.07,0.93,,-1,-25,-7,-21.2,-5,-15.2,-7,-21.2,-31340,-14.1,27149,245.2,144,177.8,33,6.4
5000,5,1122,56,0,2017,3,,Arkansas -- Statewide,Private,NAICS 1122 Hog and pig farming,"State, NAICS 4-digit -- by ownership sector",All establishment sizes,14,146,143,147,1645369,160859,1080,871,,0.64,0.54,0.52,0.53,0.85,0.22,0.28,1.6,,0,0,6,4.3,1,0.7,6,4.3,127614,8.4,29881,22.8,-704,-39.5,43,5.2
6000,5,1122,56,0,2017,3,,California -- Statewide,Private,NAICS 1122 Hog and pig farming,"State, NAICS 4-digit -- by ownership sector",All establishment sizes,11,52,50,45,380157,39177,1184,597,,0.03,0.01,0.01,0.01,0.01,0.01,0.01,0.71,,-1,-8.3,-42,-44.7,-49,-49.5,-51,-53.1,-518786,-57.7,16183,70.4,200,20.3,-121,-16.9
8000,5,1122,56,0,2017,3,,Colorado -- Statewide,Private,NAICS 1122 Hog and pig farming,"State, NAICS 4-digit -- by ownership sector",All establishment sizes,9,746,739,720,6636509,915757,11600,695,,0.19,1.22,1.22,1.2,1.14,0.46,1.03,0.94,,0,0,-14,-1.8,-6,-0.8,-18,-2.4,-841513,-11.3,-176987,-16.2,-574,-4.7,-74,-9.6
8099,5,1122,76,0,2017,3,,"Prowers County, Colorado",Private,NAICS 1122 Hog and pig farming,"County, NAICS 4-digit -- by ownership sector",All establishment sizes,3,192,192,197,1741424,285803,5781,692,,30.66,179.55,183.13,188.48,282.14,61.32,346.09,1.54,N,0,0,0,0,0,0,0,0,0,0,0,0,0,0,0,0
13000,5,1122,56,0,2017,3,,Georgia -- Statewide,Private,NAICS 1122 Hog and pig farming,"State, NAICS 4-digit -- by ownership sector",All establishment sizes,11,60,62,57,493263,66694,1489,636,,0.16,0.06,0.06,0.06,0.06,0.03,0.13,0.96,N,-2,-15.4,0,0,0,0,0,0,0,0,0,0,0,0,0,0
15000,5,1122,56,0,2017,3,,Hawaii -- Statewide,Private,NAICS 1122 Hog and pig farming,"State, NAICS 4-digit -- by ownership sector",All establishment sizes,5,21,20,20,98610,86682,1759,373,,0.49,0.14,0.13,0.13,0.08,0.06,0.38,0.57,,0,0,4,23.5,2,11.1,2,11.1,13691,16.1,9985,13,141,8.7,3,0.8
15003,5,1122,76,0,2017,3,,"Honolulu County, Hawaii",Private,NAICS 1122 Hog and pig farming,"County, NAICS 4-digit -- by ownership sector",All establishment sizes,3,12,11,11,54607,48533,847,371,,0.47,0.11,0.1,0.1,0.06,0.05,0.27,0.54,,0,0,3,33.3,2,22.2,2,22.2,13626,33.2,10423,27.3,251,42.1,21,6
16000,5,1122,56,0,2017,3,,Idaho -- Statewide,Private,NAICS 1122 Hog and pig farming,"State, NAICS 4-digit -- by ownership sector",All establishment sizes,3,26,28,28,188455,185561,2315,530,,0.2,0.15,0.17,0.17,0.16,0.12,0.42,0.99,N,2,200,0,0,0,0,0,0,0,0,0,0,0,0,0,0
17000,5,1122,56,0,2017,3,,Illinois -- Statewide,Private,NAICS 1122 Hog and pig farming,"State, NAICS 4-digit -- by ownership sector",All establishment sizes,191,2865,2839,2826,25119499,4839392,79020,680,,2.14,2.08,2.07,2.08,1.93,1.34,2.58,0.93,,-6,-3,93,3.4,84,3,91,3.3,812276,3.3,-17923,-0.4,-10968,-12.2,1,0.1
17001,5,1122,76,0,2017,3,,"Adams County, Illinois",Private,NAICS 1122 Hog and pig farming,"County, NAICS 4-digit -- by ownership sector",All establishment sizes,6,77,80,80,545067,185775,3910,531,,14.27,10.01,10.54,10.62,10.38,10.62,32.12,1,,0,0,3,4.1,6,8.1,1,1.3,37179,7.3,16289,9.6,86,2.2,15,2.9
17025,5,1122,76,0,2017,3,,"Clay County, Illinois",Private,NAICS 1122 Hog and pig farming,"County, NAICS 4-digit -- by ownership sector",All establishment sizes,3,99,98,98,479797,49534,775,375,,33.03,81.02,80.2,79.76,64.98,15.59,34.73,0.81,,0,0,1,1,1,1,2,2.1,9516,2,-11225,-18.5,-8,-1,2,0.5
17037,5,1122,76,0,2017,3,,"DeKalb County, Illinois",Private,NAICS 1122 Hog and pig farming,"County, NAICS 4-digit -- by ownership sector",All establishment sizes,13,161,167,163,1457606,250341,2763,685,,26.09,18.43,19.22,18.63,22.92,10.55,13.26,1.22,,1,8.3,-17,-9.6,-15,-8.2,-16,-8.9,62765,4.5,-104247,-29.4,-1373,-33.2,88,14.7
17079,5,1122,76,0,2017,3,,"Jasper County, Illinois",Private,NAICS 1122 Hog and pig farming,"County, NAICS 4-digit -- by ownership sector",All establishment sizes,6,67,67,69,598020,104218,1889,680,,106.05,148.28,146.66,151.1,198.16,94.09,311.73,1.33,,0,0,6,9.8,8,13.6,10,16.9,69938,13.2,-19079,-15.5,-525,-21.7,-1,-0.1
17105,5,1122,76,0,2017,3,,"Livingston County, Illinois",Private,NAICS 1122 Hog and pig farming,"County, NAICS 4-digit -- by ownership sector",All establishment sizes,7,80,75,76,596582,175721,4101,596,,32.83,24.98,23.52,23.96,24.98,26.86,82.26,1.03,,1,16.7,12,17.6,9,13.6,9,13.4,61888,11.6,41198,30.6,1533,59.7,-18,-2.9
17109,5,1122,76,0,2017,3,,"McDonough County, Illinois",Private,NAICS 1122 Hog and pig farming,"County, NAICS 4-digit -- by ownership sector",All establishment sizes,3,53,50,51,388122,73824,434,582,,20.42,21.84,20.44,20.18,23.82,13.48,9.37,1.15,N,0,0,0,0,0,0,0,0,0,0,0,0,0,0,0,0
17141,5,1122,76,0,2017,3,,"Ogle County, Illinois",Private,NAICS 1122 Hog and pig farming,"County, NAICS 4-digit -- by ownership sector",All establishment sizes,3,45,46,44,357816,83363,458,612,,12.09,12.18,12.69,12.07,13.27,8.6,5.64,1.08,,0,0,3,7.1,0,0,-4,-8.3,15686,4.6,-6755,-7.5,-754,-62.2,31,5.3
17177,5,1122,76,0,2017,3,,"Stephenson County, Illinois",Private,NAICS 1122 Hog and pig farming,"County, NAICS 4-digit -- by ownership sector",All establishment sizes,5,39,37,37,296190,59095,887,605,,19.69,9.73,9.23,9.23,10.23,5.52,9.39,1.09,N,1,25,0,0,0,0,0,0,0,0,0,0,0,0,0,0
17179,5,1122,76,0,2017,3,,"Tazewell County, Illinois",Private,NAICS 1122 Hog and pig farming,"County, NAICS 4-digit -- by ownership sector",All establishment sizes,3,16,18,14,116691,13304,306,561,,4.7,1.41,1.58,1.25,1.34,0.44,1.02,0.95,,0,0,1,6.7,2,12.5,0,0,22952,24.5,-2252,-14.5,-262,-46.1,80,16.6
17189,5,1122,76,0,2017,3,,"Washington County, Illinois",Private,NAICS 1122 Hog and pig farming,"County, NAICS 4-digit -- by ownership sector",All establishment sizes,3,12,12,12,86580,14702,123,555,,31.2,8.36,8.44,8.47,7.28,3.64,4.29,0.87,,0,0,-1,-7.7,-1,-7.7,-1,-7.7,-14202,-14.1,-7768,-34.6,5,4.2,-41,-6.9
17195,5,1122,76,0,2017,3,,"Whiteside County, Illinois",Private,NAICS 1122 Hog and pig farming,"County, NAICS 4-digit -- by ownership sector",All establishment sizes,6,34,35,34,285815,67619,616,640,,20.24,7.02,7.24,7.1,9.2,5.31,6.03,1.29,,-1,-14.3,1,3,2,6.1,-2,-5.6,22523,8.6,-13096,-16.2,-1100,-64.1,44,7.4
18000,5,1122,56,0,2017,3,,Indiana -- Statewide,Private,NAICS 1122 Hog and pig farming,"State, NAICS 4-digit -- by ownership sector",All establishment sizes,184,1642,1616,1627,13442599,1720530,23096,635,,4.6,2.36,2.31,2.35,2.5,1.21,2.77,1.07,,7,4,-78,-4.5,-78,-4.6,-58,-3.4,-836489,-5.9,-258374,-13.1,-3553,-13.3,-11,-1.7
18015,5,1122,76,0,2017,3,,"Carroll County, Indiana",Private,NAICS 1122 Hog and pig farming,"County, NAICS 4-digit -- by ownership sector",All establishment sizes,9,72,67,70,606660,62765,526,670,,96.52,57.19,54.9,58.66,81.33,23.02,60.08,1.43,,0,0,2,2.9,-2,-2.9,-7,-9.1,-86156,-12.4,-6978,-10,41,8.5,-70,-9.5
18023,5,1122,76,0,2017,3,,"Clinton County, Indiana",Private,NAICS 1122 Hog and pig farming,"County, NAICS 4-digit -- by ownership sector",All establishment sizes,6,35,33,32,198531,66518,983,458,,42.9,14.13,13.24,12.86,11.8,17.54,49.98,0.88,,0,0,12,52.2,8,32,7,28,44016,28.5,14228,27.2,266,37.1,-30,-6.1
18037,5,1122,76,0,2017,3,,"Dubois County, Indiana",Private,NAICS 1122 Hog and pig farming,"County, NAICS 4-digit -- by ownership sector",All establishment sizes,5,15,14,13,87263,37062,471,479,,15.89,2.22,2.08,1.98,1.8,3.41,10.05,0.86,,1,25,5,50,3,27.3,1,8.3,6476,8,24730,200.5,409,659.7,-86,-15.2
18055,5,1122,76,0,2017,3,,"Greene County, Indiana",Private,NAICS 1122 Hog and pig farming,"County, NAICS 4-digit -- by ownership sector",All establishment sizes,9,78,75,76,643920,103893,3420,649,,63.9,51.99,51.25,52.17,75.16,42.37,256.23,1.45,,0,0,-34,-30.4,-35,-31.8,-35,-31.5,-223349,-25.8,-47962,-31.6,987,40.6,48,8
18059,5,1122,76,0,2017,3,,"Hancock County, Indiana",Private,NAICS 1122 Hog and pig farming,"County, NAICS 4-digit -- by ownership sector",All establishment sizes,5,22,19,21,143703,26055,185,535,,13.33,4.12,3.52,3.92,3.74,2.38,3.09,0.97,,0,0,-9,-29,-11,-36.7,-9,-30,-39348,-21.5,-16857,-39.3,-611,-76.8,71,15.3
18083,5,1122,76,0,2017,3,,"Knox County, Indiana",Private,NAICS 1122 Hog and pig farming,"County, NAICS 4-digit -- by ownership sector",All establishment sizes,4,70,70,69,558769,53576,1349,617,,17.39,17.65,17.52,17.42,21.42,8.11,35.11,1.22,,1,33.3,22,45.8,21,42.9,22,46.8,181197,48,20261,60.8,970,255.9,12,2
18135,5,1122,76,0,2017,3,,"Randolph County, Indiana",Private,NAICS 1122 Hog and pig farming,"County, NAICS 4-digit -- by ownership sector",All establishment sizes,9,85,86,90,701742,86032,1151,620,,73.68,57.17,56.15,58.11,77.65,27.85,58.62,1.36,,1,12.5,-12,-12.4,-9,-9.5,1,1.1,9474,1.4,-18826,-18,-788,-40.6,51,9
18139,5,1122,76,0,2017,3,,"Rush County, Indiana",Private,NAICS 1122 Hog and pig farming,"County, NAICS 4-digit -- by ownership sector",All establishment sizes,4,26,26,25,228178,5822,29,684,,40.98,22.97,22.63,21.88,31.17,2.85,2.81,1.39,,0,0,-1,-3.7,-1,-3.7,-1,-3.8,18783,9,-777,-11.8,-50,-63.3,80,13.2
18145,5,1122,76,0,2017,3,,"Shelby County, Indiana",Private,NAICS 1122 Hog and pig farming,"County, NAICS 4-digit -- by ownership sector",All establishment sizes,6,40,40,36,273038,40453,834,543,,26.43,9.51,9.45,8.6,9.2,4.94,16.69,1,,0,0,3,8.1,2,5.3,-3,-7.7,-33144,-10.8,7909,24.3,23,2.8,-77,-12.4
18165,5,1122,76,0,2017,3,,"Vermillion County, Indiana",Private,NAICS 1122 Hog and pig farming,"County, NAICS 4-digit -- by ownership sector",All establishment sizes,3,37,36,34,276372,30340,292,596,,39.98,38.16,36.29,34.54,36.58,17.42,25.4,1.01,,0,0,3,8.8,2,5.9,1,3,5153,1.9,17442,135.2,84,40.4,-24,-3.9
18169,5,1122,76,0,2017,3,,"Wabash County, Indiana",Private,NAICS 1122 Hog and pig farming,"County, NAICS 4-digit -- by ownership sector",All establishment sizes,5,38,36,37,318757,23764,442,663,,27.86,13.55,12.88,13.17,18.18,5.19,19.53,1.38,,0,0,-10,-20.8,-9,-20,-10,-21.3,-25417,-7.4,-19892,-45.6,-505,-53.3,96,16.9
18181,5,1122,76,0,2017,3,,"White County, Indiana",Private,NAICS 1122 Hog and pig farming,"County, NAICS 4-digit -- by ownership sector",All establishment sizes,8,71,71,71,654598,57398,384,709,,51.16,33.4,33.6,34.85,50.8,11.78,13.73,1.5,,0,0,1,1.4,3,4.4,-3,-4.1,-89505,-12,-50093,-46.6,-758,-66.4,-101,-12.5
19000,5,1122,56,0,2017,3,,Iowa -- Statewide,Private,NAICS 1122 Hog and pig farming,"State, NAICS 4-digit -- by ownership sector",All establishment sizes,513,4850,4799,4851,46111497,27788156,160115,734,,20.68,13.48,13.51,13.78,16.88,11.22,12.52,1.24,,9,1.8,-27,-0.6,-28,-0.6,49,1,-459299,-1,-1031119,-3.6,-29968,-15.8,-7,-0.9
19005,5,1122,76,0,2017,3,,"Allamakee County, Iowa",Private,NAICS 1122 Hog and pig farming,"County, NAICS 4-digit -- by ownership sector",All establishment sizes,5,57,57,55,470811,311921,3506,643,,43.72,47.08,47.72,46.53,66.83,35.25,67.46,1.42,,0,0,-16,-21.9,-12,-17.4,-9,-14.1,7011,1.5,33527,12,925,35.8,123,23.7
19013,5,1122,76,0,2017,3,,"Black Hawk County, Iowa",Private,NAICS 1122 Hog and pig farming,"County, NAICS 4-digit -- by ownership sector",All establishment sizes,4,30,31,27,259861,155480,321,681,,4.32,1.75,1.84,1.61,2.04,1.37,0.45,1.18,,0,0,-6,-16.7,-2,-6.1,-8,-22.9,-40966,-13.6,-32868,-17.5,193,150.8,13,1.9
19019,5,1122,76,0,2017,3,,"Buchanan County, Iowa",Private,NAICS 1122 Hog and pig farming,"County, NAICS 4-digit -- by ownership sector",All establishment sizes,15,139,136,136,1209463,740461,3851,679,,102.1,89.96,90.21,91.63,128.04,66.77,62.92,1.41,,0,0,2,1.5,-1,-0.7,1,0.7,-40403,-3.2,-88127,-10.6,-644,-14.3,-26,-3.7
19021,5,1122,76,0,2017,3,,"Buena Vista County, Iowa",Private,NAICS 1122 Hog and pig farming,"County, NAICS 4-digit -- by ownership sector",All establishment sizes,9,57,56,56,488396,358478,5889,667,,55.99,22.46,22.54,22.02,28.78,16.08,61.58,1.29,,0,0,-2,-3.4,-3,-5.1,-1,-1.8,-24095,-4.7,-11703,-3.2,1683,40,-9,-1.3
19025,5,1122,76,0,2017,3,,"Calhoun County, Iowa",Private,NAICS 1122 Hog and pig farming,"County, NAICS 4-digit -- by ownership sector",All establishment sizes,4,44,45,42,356597,214324,1873,628,,50.37,68.49,70.52,64.7,93.59,55.13,142.01,1.38,,0,0,-5,-10.2,-3,-6.2,-4,-8.7,-38780,-9.8,-10636,-4.7,-359,-16.1,-10,-1.6
19027,5,1122,76,0,2017,3,,"Carroll County, Iowa",Private,NAICS 1122 Hog and pig farming,"County, NAICS 4-digit -- by ownership sector",All establishment sizes,13,38,40,79,397105,301496,1094,584,,54.8,13.88,15.04,29.99,22.66,17.65,22.61,1.16,,7,116.7,-6,-13.6,-3,-7,36,83.7,17429,4.6,31864,11.8,-171,-13.5,-90,-13.4
19031,5,1122,76,0,2017,3,,"Cedar County, Iowa",Private,NAICS 1122 Hog and pig farming,"County, NAICS 4-digit -- by ownership sector",All establishment sizes,4,23,23,26,203198,129572,0,651,,29,18.89,19.05,20.71,26.52,14.97,0,1.36,,-1,-20,-5,-17.9,-5,-17.9,-1,-3.7,-78012,-27.7,-51603,-28.5,-1156,-100,-131,-16.8
19035,5,1122,76,0,2017,3,,"Cherokee County, Iowa",Private,NAICS 1122 Hog and pig farming,"County, NAICS 4-digit -- by ownership sector",All establishment sizes,8,32,32,30,393260,159426,2285,965,,72.89,29.74,29.77,27.47,55.02,19.69,75.91,1.9,,0,0,2,6.7,3,10.3,1,3.4,44104,12.6,14653,10.1,643,39.2,49,5.3
19037,5,1122,76,0,2017,3,,"Chickasaw County, Iowa",Private,NAICS 1122 Hog and pig farming,"County, NAICS 4-digit -- by ownership sector",All establishment sizes,6,137,138,139,1522136,985458,6674,848,,55.03,123.67,125.63,125.34,204.03,103.62,105.09,1.63,,-1,-14.3,-54,-28.3,-54,-28.1,-49,-26.1,-295991,-16.3,-232222,-19.1,-1414,-17.5,113,15.4
19041,5,1122,76,0,2017,3,,"Clay County, Iowa",Private,NAICS 1122 Hog and pig farming,"County, NAICS 4-digit -- by ownership sector",All establishment sizes,7,36,32,35,445969,223328,1308,999,,39.49,18.22,16.5,17.74,34.05,16.05,24.79,1.95,,0,0,-1,-2.7,-7,-17.9,-1,-2.8,67863,17.9,-13488,-5.7,253,24,220,28.2
19043,5,1122,76,0,2017,3,,"Clayton County, Iowa",Private,NAICS 1122 Hog and pig farming,"County, NAICS 4-digit -- by ownership sector",All establishment sizes,12,120,117,117,917514,660479,1203,598,,77.95,74.89,74.2,74.59,85.86,55.78,12.36,1.15,,0,0,-4,-3.2,-6,-4.9,-6,-4.9,-164723,-15.2,-109256,-14.2,-479,-28.5,-77,-11.4
19065,5,1122,76,0,2017,3,,"Fayette County, Iowa",Private,NAICS 1122 Hog and pig farming,"County, NAICS 4-digit -- by ownership sector",All establishment sizes,6,57,59,60,612846,326736,6140,804,,36.23,34.77,35.79,37.37,61.99,29.52,89.92,1.72,,-1,-14.3,4,7.5,6,11.3,5,9.1,18691,3.1,657,0.2,1632,36.2,-48,-5.6
19067,5,1122,76,0,2017,3,,"Floyd County, Iowa",Private,NAICS 1122 Hog and pig farming,"County, NAICS 4-digit -- by ownership sector",All establishment sizes,4,37,42,44,340665,248539,1874,639,,32.36,26.19,29.91,31.29,35.3,23.65,56.43,1.21,N,0,0,0,0,0,0,0,0,0,0,0,0,0,0,0,0
19069,5,1122,76,0,2017,3,,"Franklin County, Iowa",Private,NAICS 1122 Hog and pig farming,"County, NAICS 4-digit -- by ownership sector",All establishment sizes,6,46,44,45,425976,269509,2193,728,,63.52,50.66,49.33,49.97,69.62,36.05,58.49,1.39,,1,20,-5,-9.8,-9,-17,-9,-16.7,-14313,-3.3,-6882,-2.5,535,32.3,85,13.2
19075,5,1122,76,0,2017,3,,"Grundy County, Iowa",Private,NAICS 1122 Hog and pig farming,"County, NAICS 4-digit -- by ownership sector",All establishment sizes,4,31,33,35,288735,232098,45,673,,44.28,32.29,35.04,37.9,39.97,31.52,0.64,1.14,N,0,0,0,0,0,0,0,0,0,0,0,0,0,0,0,0
19079,5,1122,76,0,2017,3,,"Hamilton County, Iowa",Private,NAICS 1122 Hog and pig farming,"County, NAICS 4-digit -- by ownership sector",All establishment sizes,25,347,343,342,3633176,2057792,13291,812,,207.57,248.23,248.31,252.37,400.19,190.46,299.99,1.6,,0,0,6,1.8,-1,-0.3,-6,-1.7,-35517,-1,-136066,-6.2,-345,-2.5,-8,-1
19081,5,1122,76,0,2017,3,,"Hancock County, Iowa",Private,NAICS 1122 Hog and pig farming,"County, NAICS 4-digit -- by ownership sector",All establishment sizes,5,37,35,39,362505,234071,155,754,,55.35,23.88,23.21,26.06,33.15,15.37,2.94,1.36,,-1,-16.7,-3,-7.5,-8,-18.6,-7,-15.2,-40249,-10,-36905,-13.6,11,7.6,34,4.7
19083,5,1122,76,0,2017,3,,"Hardin County, Iowa",Private,NAICS 1122 Hog and pig farming,"County, NAICS 4-digit -- by ownership sector",All establishment sizes,19,242,237,235,2228266,1458417,7454,720,,112.42,145.45,144.14,141.96,200.84,125.37,136.01,1.4,,2,11.8,4,1.7,4,1.7,8,3.5,-136658,-5.8,-199076,-12,-4450,-37.4,-62,-7.9
19089,5,1122,76,0,2017,3,,"Howard County, Iowa",Private,NAICS 1122 Hog and pig farming,"County, NAICS 4-digit -- by ownership sector",All establishment sizes,8,116,117,114,996712,671775,3141,663,,96.33,121.59,124.51,123.86,169.58,90.69,74.2,1.38,,1,14.3,69,146.8,71,154.3,69,153.3,608829,157,410428,157,2167,222.5,14,2.2
19091,5,1122,76,0,2017,3,,"Humboldt County, Iowa",Private,NAICS 1122 Hog and pig farming,"County, NAICS 4-digit -- by ownership sector",All establishment sizes,5,55,55,53,461453,313307,1477,653,,56.26,58.83,60,56.69,74.47,45.76,51.54,1.27,,-1,-16.7,-14,-20.3,-14,-20.3,-16,-23.2,-80061,-14.8,-65780,-17.4,192,14.9,49,8.1
19093,5,1122,76,0,2017,3,,"Ida County, Iowa",Private,NAICS 1122 Hog and pig farming,"County, NAICS 4-digit -- by ownership sector",All establishment sizes,5,17,19,10,71688,63488,630,360,,69.33,19.89,22.56,11.8,11.14,8.37,21.64,0.62,,0,0,-12,-41.4,-11,-36.7,-20,-66.7,-33248,-31.7,-32048,-33.5,-708,-52.9,88,32.4
19095,5,1122,76,0,2017,3,,"Iowa County, Iowa",Private,NAICS 1122 Hog and pig farming,"County, NAICS 4-digit -- by ownership sector",All establishment sizes,5,18,18,20,149624,113356,234,617,,28.84,7.48,7.38,8.17,9.5,5.43,1.46,1.24,,-1,-16.7,-10,-35.7,-9,-33.3,-8,-28.6,-89476,-37.4,-39305,-25.7,22,10.4,-48,-7.2
19101,5,1122,76,0,2017,3,,"Jefferson County, Iowa",Private,NAICS 1122 Hog and pig farming,"County, NAICS 4-digit -- by ownership sector",All establishment sizes,3,18,18,18,108227,101729,179,463,,15.64,10.64,10.74,10.66,9.79,8.26,2.71,0.92,N,1,50,0,0,0,0,0,0,0,0,0,0,0,0,0,0
19103,5,1122,76,0,2017,3,,"Johnson County, Iowa",Private,NAICS 1122 Hog and pig farming,"County, NAICS 4-digit -- by ownership sector",All establishment sizes,6,55,54,53,545011,324751,624,776,,5.87,2.86,2.82,2.75,3.27,3.18,1.54,1.16,,0,0,2,3.8,1,1.9,0,0,-49289,-8.3,8599,2.7,-225,-26.5,-87,-10.1
19105,5,1122,76,0,2017,3,,"Jones County, Iowa",Private,NAICS 1122 Hog and pig farming,"County, NAICS 4-digit -- by ownership sector",All establishment sizes,6,33,35,31,292614,166032,403,682,,38.85,21.62,23.63,21.81,30.99,16.77,6.8,1.39,,0,0,2,6.5,7,25,4,14.8,4868,1.7,-29994,-15.3,41,11.3,-90,-11.7
19107,5,1122,76,0,2017,3,,"Keokuk County, Iowa",Private,NAICS 1122 Hog and pig farming,"County, NAICS 4-digit -- by ownership sector",All establishment sizes,10,42,45,43,367880,267072,2696,653,,131.15,82.68,90.1,86.33,123.62,80.75,160.74,1.43,,2,25,-2,-4.5,1,2.3,-4,-8.5,23311,6.8,3254,1.2,-427,-13.7,64,10.9
19109,5,1122,76,0,2017,3,,"Kossuth County, Iowa",Private,NAICS 1122 Hog and pig farming,"County, NAICS 4-digit -- by ownership sector",All establishment sizes,11,150,146,147,1800441,493562,2352,938,,72.48,93.55,93.69,93.36,161.71,42.77,56.18,1.73,,0,0,-3,-2,-8,-5.2,-4,-2.6,-200485,-10,-30987,-5.9,-825,-26,-70,-6.9
19119,5,1122,76,0,2017,3,,"Lyon County, Iowa",Private,NAICS 1122 Hog and pig farming,"County, NAICS 4-digit -- by ownership sector",All establishment sizes,18,185,189,195,1754013,1005924,1472,711,,147.66,170.26,175.9,184.52,272.23,122.8,69.08,1.54,,0,0,-10,-5.1,-4,-2.1,-2,-1,147540,9.2,64648,6.9,-1670,-53.2,77,12.1
19127,5,1122,76,0,2017,3,,"Marshall County, Iowa",Private,NAICS 1122 Hog and pig farming,"County, NAICS 4-digit -- by ownership sector",All establishment sizes,4,32,32,31,326439,156248,844,793,,16.09,7.92,8.08,7.93,11.2,5.49,5.25,1.41,,0,0,2,6.7,3,10.3,1,3.3,4992,1.6,16248,11.6,-243,-22.4,-40,-4.8
19137,5,1122,76,0,2017,3,,"Montgomery County, Iowa",Private,NAICS 1122 Hog and pig farming,"County, NAICS 4-digit -- by ownership sector",All establishment sizes,3,24,26,28,225984,156138,1216,669,,31.68,25.32,27.67,30.09,35.28,24.06,35.17,1.27,,0,0,2,9.1,3,13,8,40,22336,11,24764,18.9,85,7.5,-54,-7.5
19141,5,1122,76,0,2017,3,,"Obrien County, Iowa",Private,NAICS 1122 Hog and pig farming,"County, NAICS 4-digit -- by ownership sector",All establishment sizes,6,29,32,31,213657,174668,474,536,,41.88,19.53,21.63,21.34,23.37,18.58,20.37,1.12,,0,0,-1,-3.3,2,6.7,1,3.3,-6509,-3,7792,4.7,-784,-62.3,-29,-5.1
19149,5,1122,76,0,2017,3,,"Plymouth County, Iowa",Private,NAICS 1122 Hog and pig farming,"County, NAICS 4-digit -- by ownership sector",All establishment sizes,15,82,81,79,782150,522734,3990,746,,75.24,30.17,31.14,30.67,39.5,27.29,35.19,1.29,,1,7.1,-3,-3.5,-3,-3.6,-3,-3.7,74449,10.5,35504,7.3,-74,-1.8,95,14.6
19151,5,1122,76,0,2017,3,,"Pocahontas County, Iowa",Private,NAICS 1122 Hog and pig farming,"County, NAICS 4-digit -- by ownership sector",All establishment sizes,6,98,95,96,1145172,733536,5408,914,,87.62,151.12,146.28,134.54,236.24,98.73,79.63,1.64,,0,0,-6,-5.8,-8,-7.8,-10,-9.4,-62708,-5.2,-39812,-5.1,1424,35.7,23,2.6
19161,5,1122,76,0,2017,3,,"Sac County, Iowa",Private,NAICS 1122 Hog and pig farming,"County, NAICS 4-digit -- by ownership sector",All establishment sizes,9,25,25,24,211243,180041,1298,659,,97.28,35.15,35.65,34.01,50.73,35.44,43.79,1.45,,0,0,-6,-19.4,-3,-10.7,-3,-11.1,-13548,-6,-9772,-5.1,840,183.4,56,9.3
19167,5,1122,76,0,2017,3,,"Sioux County, Iowa",Private,NAICS 1122 Hog and pig farming,"County, NAICS 4-digit -- by ownership sector",All establishment sizes,20,156,147,153,1564051,826875,3153,792,,56.65,32.56,31.24,32.87,48.52,22.04,22.2,1.51,,0,0,18,13,-1,-0.7,6,4.1,-58703,-3.6,-52893,-6,-188,-5.6,-73,-8.4
19169,5,1122,76,0,2017,3,,"Story County, Iowa",Private,NAICS 1122 Hog and pig farming,"County, NAICS 4-digit -- by ownership sector",All establishment sizes,6,127,128,129,2035256,737489,4701,1223,,9.51,11.33,11.47,12.02,22.83,12.7,20.29,1.97,,1,20,33,35.1,36,39.1,35,37.2,517758,34.1,373890,102.8,1106,30.8,-28,-2.2
19171,5,1122,76,0,2017,3,,"Tama County, Iowa",Private,NAICS 1122 Hog and pig farming,"County, NAICS 4-digit -- by ownership sector",All establishment sizes,3,30,30,29,226691,168442,1025,588,,28.01,22.59,23.44,22.53,27.23,19.3,33.41,1.19,,0,0,3,11.1,3,11.1,3,11.5,3948,1.8,16443,10.8,225,28.1,-55,-8.6
19173,5,1122,76,0,2017,3,,"Taylor County, Iowa",Private,NAICS 1122 Hog and pig farming,"County, NAICS 4-digit -- by ownership sector",All establishment sizes,6,21,21,20,153825,100694,630,573,,134.29,44.39,43.85,42.26,50.26,26.71,55.37,1.16,,-1,-14.3,-9,-30,-9,-30,-10,-33.3,-76131,-33.1,-54759,-35.2,-1453,-69.8,-17,-2.9
19183,5,1122,76,0,2017,3,,"Washington County, Iowa",Private,NAICS 1122 Hog and pig farming,"County, NAICS 4-digit -- by ownership sector",All establishment sizes,14,232,219,215,2257204,1298669,3794,782,,73.35,118.89,114.01,113.43,198.36,92.61,53.25,1.72,,-1,-6.7,15,6.9,-1,-0.5,3,1.4,109038,5.1,-72805,-5.3,-1090,-22.3,18,2.4
19187,5,1122,76,0,2017,3,,"Webster County, Iowa",Private,NAICS 1122 Hog and pig farming,"County, NAICS 4-digit -- by ownership sector",All establishment sizes,4,19,18,16,172434,107601,799,751,,13.58,4.46,4.3,3.85,5.46,3.89,6.02,1.3,,0,0,2,11.8,2,12.5,-2,-11.1,12762,8,7779,7.8,-92,-10.3,29,4
19189,5,1122,76,0,2017,3,,"Winnebago County, Iowa",Private,NAICS 1122 Hog and pig farming,"County, NAICS 4-digit -- by ownership sector",All establishment sizes,4,87,88,90,990608,663429,7599,863,,41.28,86.12,89.39,91.34,166.7,96.37,251.07,1.88,N,0,0,0,0,0,0,0,0,0,0,0,0,0,0,0,0
19191,5,1122,76,0,2017,3,,"Winneshiek County, Iowa",Private,NAICS 1122 Hog and pig farming,"County, NAICS 4-digit -- by ownership sector",All establishment sizes,4,31,29,31,237934,160477,3315,603,,22.35,12.62,12.02,13.13,14.27,9.79,26.86,1.13,,0,0,3,10.7,3,11.5,3,10.7,14212,6.4,-17156,-9.7,61,1.9,-27,-4.3
20000,5,1122,56,0,2017,3,,Kansas -- Statewide,Private,NAICS 1122 Hog and pig farming,"State, NAICS 4-digit -- by ownership sector",All establishment sizes,45,678,697,687,6081706,1105229,7358,681,,2.05,2.15,2.23,2.19,2.58,0.75,1.84,1.18,,2,4.7,13,2,31,4.7,34,5.2,54066,0.9,-105981,-8.8,-137,-1.8,-20,-2.9
20093,5,1122,76,0,2017,3,,"Kearny County, Kansas",Private,NAICS 1122 Hog and pig farming,"County, NAICS 4-digit -- by ownership sector",All establishment sizes,3,8,8,8,63890,18540,484,614,,91.51,26.93,28.19,27.02,36.63,6.54,176.78,1.34,N,0,0,0,0,0,0,0,0,0,0,0,0,0,0,0,0
20201,5,1122,76,0,2017,3,,"Washington County, Kansas",Private,NAICS 1122 Hog and pig farming,"County, NAICS 4-digit -- by ownership sector",All establishment sizes,7,52,52,48,384230,85352,540,583,,101.15,114.91,113.77,105.06,181.87,37.51,134.33,1.64,,0,0,3,6.1,2,4,-2,-4,-30659,-7.4,5844,7.4,221,69.3,-60,-9.3
26000,5,1122,56,0,2017,3,,Michigan -- Statewide,Private,NAICS 1122 Hog and pig farming,"State, NAICS 4-digit -- by ownership sector",All establishment sizes,38,538,546,531,5147368,561460,10334,736,,0.64,0.54,0.55,0.54,0.6,0.3,0.56,1.11,,4,11.8,-31,-5.4,-12,-2.2,-14,-2.6,-615380,-10.7,69017,14,2091,25.4,-59,-7.4
26023,5,1122,76,0,2017,3,,"Branch County, Michigan",Private,NAICS 1122 Hog and pig farming,"County, NAICS 4-digit -- by ownership sector",All establishment sizes,3,20,20,17,163843,12457,99,663,,15.62,6.21,6.25,5.21,7.6,1.69,1.64,1.29,N,1,50,0,0,0,0,0,0,0,0,0,0,0,0,0,0
26027,5,1122,76,0,2017,3,,"Cass County, Michigan",Private,NAICS 1122 Hog and pig farming,"County, NAICS 4-digit -- by ownership sector",All establishment sizes,8,77,76,71,741275,61604,1032,764,,44.76,35.36,35.13,32.27,49.68,14.13,24.78,1.45,,-1,-11.1,3,4.1,3,4.1,-3,-4.1,8825,1.2,12625,25.8,357,52.9,-1,-0.1
26999,5,1122,76,0,2017,3,,"Unknown Or Undefined, Michigan",Private,NAICS 1122 Hog and pig farming,"County, NAICS 4-digit -- by ownership sector",All establishment sizes,4,17,22,26,197163,46428,1252,700,,0.57,0.59,0.76,0.9,0.6,0.51,1.27,0.8,N,3,300,0,0,0,0,0,0,0,0,0,0,0,0,0,0
27000,5,1122,56,0,2017,3,,Minnesota -- Statewide,Private,NAICS 1122 Hog and pig farming,"State, NAICS 4-digit -- by ownership sector",All establishment sizes,303,3562,3529,3485,35842479,22339906,103181,782,,7.29,5.35,5.34,5.31,5.86,4.68,5.04,1.1,,-4,-1.3,18,0.5,-2,-0.1,64,1.9,-49319,-0.1,-160708,-0.7,-20226,-16.4,-7,-0.9
27013,5,1122,76,0,2017,3,,"Blue Earth County, Minnesota",Private,NAICS 1122 Hog and pig farming,"County, NAICS 4-digit -- by ownership sector",All establishment sizes,20,221,231,222,2035278,1451517,9754,697,,40.63,24.48,25.38,24.21,30.15,22.35,37.96,1.22,,0,0,4,1.8,13,6,20,9.9,139082,7.3,184940,14.6,-6305,-39.3,10,1.5
27033,5,1122,76,0,2017,3,,"Cottonwood County, Minnesota",Private,NAICS 1122 Hog and pig farming,"County, NAICS 4-digit -- by ownership sector",All establishment sizes,12,161,159,159,1604250,988276,6172,773,,126.71,142.49,155.83,152.36,239.98,128.06,143.66,1.6,,-1,-7.7,-22,-12,-30,-15.9,-25,-13.6,-357479,-18.2,-221827,-18.3,-5138,-45.4,-41,-5
27039,5,1122,76,0,2017,3,,"Dodge County, Minnesota",Private,NAICS 1122 Hog and pig farming,"County, NAICS 4-digit -- by ownership sector",All establishment sizes,7,86,85,87,809439,543563,3833,724,,64.78,62.48,62.81,63.91,75.65,47.86,73.64,1.2,,0,0,-9,-9.5,-10,-10.5,-4,-4.4,-220488,-21.4,-81023,-13,-1844,-32.5,-122,-14.4
27045,5,1122,76,0,2017,3,,"Fillmore County, Minnesota",Private,NAICS 1122 Hog and pig farming,"County, NAICS 4-digit -- by ownership sector",All establishment sizes,6,51,52,55,432246,341938,729,631,,38.25,35.31,36.22,39.8,53.85,34.23,15.06,1.45,,0,0,1,2,-1,-1.9,3,5.8,-51061,-10.6,11507,3.5,-443,-37.8,-89,-12.4
27049,5,1122,76,0,2017,3,,"Goodhue County, Minnesota",Private,NAICS 1122 Hog and pig farming,"County, NAICS 4-digit -- by ownership sector",All establishment sizes,6,83,80,82,738171,539789,1195,695,,18.82,16.6,16.14,16.65,19.02,15.84,8.68,1.16,,0,0,-2,-2.4,-8,-9.1,-2,-2.4,13798,1.9,-19417,-3.5,-30,-2.4,45,6.9
27063,5,1122,76,0,2017,3,,"Jackson County, Minnesota",Private,NAICS 1122 Hog and pig farming,"County, NAICS 4-digit -- by ownership sector",All establishment sizes,7,55,57,57,476110,259493,850,650,,85.29,46.61,48.84,49.71,65.54,26.44,15.34,1.35,,0,0,0,0,3,5.6,4,7.5,-3990,-0.8,990,0.4,70,9,-34,-5
27073,5,1122,76,0,2017,3,,"Lac Qui Parle County, Minnesota",Private,NAICS 1122 Hog and pig farming,"County, NAICS 4-digit -- by ownership sector",All establishment sizes,7,49,41,48,394247,255103,1111,659,,126.43,101.53,85.28,96.94,142.69,87.37,74.31,1.51,,1,16.7,12,32.4,3,7.9,9,23.1,133266,51.1,38627,17.8,-188,-14.5,131,24.8
27081,5,1122,76,0,2017,3,,"Lincoln County, Minnesota",Private,NAICS 1122 Hog and pig farming,"County, NAICS 4-digit -- by ownership sector",All establishment sizes,7,54,55,51,490182,282140,2041,707,,128.69,133.8,141.02,129.96,204.13,128.92,214.42,1.51,,0,0,-2,-3.6,-2,-3.5,0,0,56565,13,12764,4.7,104,5.4,97,15.9
27083,5,1122,76,0,2017,3,,"Lyon County, Minnesota",Private,NAICS 1122 Hog and pig farming,"County, NAICS 4-digit -- by ownership sector",All establishment sizes,5,60,59,65,562074,435371,1074,705,,25.26,18.24,18.13,19.67,23.98,18.23,13.09,1.28,,0,0,13,27.7,12,25.5,18,38.3,165632,41.8,154862,55.2,772,255.6,56,8.6
27105,5,1122,76,0,2017,3,,"Nobles County, Minnesota",Private,NAICS 1122 Hog and pig farming,"County, NAICS 4-digit -- by ownership sector",All establishment sizes,7,131,129,129,1108949,944687,4591,658,,46.72,54.66,53.71,54.03,66.04,43.3,83.16,1.22,,0,0,9,7.4,2,1.6,10,8.4,44606,4.2,43723,4.9,367,8.7,-9,-1.3
27117,5,1122,76,0,2017,3,,"Pipestone County, Minnesota",Private,NAICS 1122 Hog and pig farming,"County, NAICS 4-digit -- by ownership sector",All establishment sizes,13,246,245,244,2231096,1418903,5421,701,,149.12,237.34,241.32,242.6,342.92,183.92,104.89,1.43,,1,8.3,-8,-3.1,1,0.4,7,3,-279831,-11.1,-206470,-12.7,-424,-7.3,-87,-11
27127,5,1122,76,0,2017,3,,"Redwood County, Minnesota",Private,NAICS 1122 Hog and pig farming,"County, NAICS 4-digit -- by ownership sector",All establishment sizes,3,10,9,14,132420,74243,74,926,,22.54,7,6.56,10.25,14.83,6.69,1.83,1.87,,0,0,0,0,-1,-10,4,40,20363,18.2,5053,7.3,-281,-79.2,64,7.4
27131,5,1122,76,0,2017,3,,"Rice County, Minnesota",Private,NAICS 1122 Hog and pig farming,"County, NAICS 4-digit -- by ownership sector",All establishment sizes,10,100,101,99,1098977,411305,721,845,,26.62,17.45,17.61,17.21,24.84,10.29,4.24,1.43,,0,0,-2,-2,-8,-7.3,-2,-2,-36793,-3.2,2238,0.5,-443,-38.1,5,0.6
27145,5,1122,76,0,2017,3,,"Stearns County, Minnesota",Private,NAICS 1122 Hog and pig farming,"County, NAICS 4-digit -- by ownership sector",All establishment sizes,4,71,71,72,759822,564858,5667,819,,3.79,3.52,3.54,3.63,4.81,3.79,8.89,1.35,,-1,-20,-2,-2.7,-4,-5.3,0,0,-6035,-0.8,-5464,-1,-653,-10.3,16,2
27149,5,1122,76,0,2017,3,,"Stevens County, Minnesota",Private,NAICS 1122 Hog and pig farming,"County, NAICS 4-digit -- by ownership sector",All establishment sizes,10,106,106,110,1003746,701212,2815,719,,121.48,82.38,82.83,85.8,99.71,67.05,39.86,1.19,,1,11.1,0,0,6,6,1,0.9,-34428,-3.3,136103,24.1,1174,71.5,-42,-5.5
27173,5,1122,76,0,2017,3,,"Yellow Medicine County, Minnesota",Private,NAICS 1122 Hog and pig farming,"County, NAICS 4-digit -- by ownership sector",All establishment sizes,5,45,43,39,374746,254071,696,681,,58.5,49.41,48.14,43.73,65.58,48.62,31.08,1.39,,0,0,-8,-15.1,-9,-17.3,-10,-20.4,-102702,-21.5,-42152,-14.2,-267,-27.7,-34,-4.8
29000,5,1122,56,0,2017,3,,Missouri -- Statewide,Private,NAICS 1122 Hog and pig farming,"State, NAICS 4-digit -- by ownership sector",All establishment sizes,96,2038,2047,2007,17492911,2947162,30950,663,,1.89,3.2,3.21,3.14,3.48,1.68,4.14,1.09,,5,5.5,-16,-0.8,33,1.6,9,0.5,-493364,-2.7,-222837,-7,-11179,-26.5,-21,-3.1
29005,5,1122,76,0,2017,3,,"Atchison County, Missouri",Private,NAICS 1122 Hog and pig farming,"County, NAICS 4-digit -- by ownership sector",All establishment sizes,5,61,64,61,393137,184960,1871,488,,82.36,165.79,177.51,159.04,187.68,169.91,695.63,1.12,,1,25,18,41.9,19,42.2,13,27.1,96264,32.4,73105,65.4,1136,154.6,-16,-3.2
29037,5,1122,76,0,2017,3,,"Cass County, Missouri",Private,NAICS 1122 Hog and pig farming,"County, NAICS 4-digit -- by ownership sector",All establishment sizes,3,49,47,44,398413,45912,144,657,,5.64,8.51,7.94,7.37,11.67,2.39,1.83,1.47,,0,0,1,2.1,-1,-2.1,-2,-4.3,9433,2.4,-38338,-45.5,-541,-79,25,4
29041,5,1122,76,0,2017,3,,"Chariton County, Missouri",Private,NAICS 1122 Hog and pig farming,"County, NAICS 4-digit -- by ownership sector",All establishment sizes,3,36,36,32,274431,74964,1512,609,,43.2,88.18,89.71,73.91,126.87,67.43,385.62,1.52,,0,0,12,50,14,63.6,7,28,37233,15.7,-1948,-2.5,-716,-32.1,-162,-21
29071,5,1122,76,0,2017,3,,"Franklin County, Missouri",Private,NAICS 1122 Hog and pig farming,"County, NAICS 4-digit -- by ownership sector",All establishment sizes,4,29,32,33,359936,38797,650,884,,5.38,3.23,3.57,3.62,5.95,1.49,5.98,1.71,N,0,0,0,0,0,0,0,0,0,0,0,0,0,0,0,0
29131,5,1122,76,0,2017,3,,"Miller County, Missouri",Private,NAICS 1122 Hog and pig farming,"County, NAICS 4-digit -- by ownership sector",All establishment sizes,3,27,27,27,166323,32948,405,474,,18.89,18.16,18.07,16.6,19.62,5.79,14.77,1.12,,0,0,2,8,2,8,3,12.5,19152,13,-31565,-48.9,-550,-57.6,15,3.3
29183,5,1122,76,0,2017,3,,"St. Charles County, Missouri",Private,NAICS 1122 Hog and pig farming,"County, NAICS 4-digit -- by ownership sector",All establishment sizes,3,19,18,18,137399,21149,47,576,,1.29,0.57,0.53,0.53,0.57,0.22,0.11,1.03,,0,0,-1,-5,-2,-10,-2,-10,1373,1,-2518,-10.6,-36,-43.4,53,10.1
29195,5,1122,76,0,2017,3,,"Saline County, Missouri",Private,NAICS 1122 Hog and pig farming,"County, NAICS 4-digit -- by ownership sector",All establishment sizes,6,90,89,86,881142,135267,1724,767,,38.67,47.52,46.65,43.41,77.53,32.6,124.69,1.69,,0,0,-12,-11.8,-8,-8.2,-12,-12.2,19348,2.2,-89574,-39.8,-2968,-63.3,97,14.5
29205,5,1122,76,0,2017,3,,"Shelby County, Missouri",Private,NAICS 1122 Hog and pig farming,"County, NAICS 4-digit -- by ownership sector",All establishment sizes,5,43,39,40,344798,51943,445,652,,93.17,108.04,98.71,101.4,186.76,68.59,145.6,1.82,,0,0,6,16.2,-1,-2.5,7,21.2,4797,1.4,-5796,-10,-395,-47,-61,-8.6
31000,5,1122,56,0,2017,3,,Nebraska -- Statewide,Private,NAICS 1122 Hog and pig farming,"State, NAICS 4-digit -- by ownership sector",All establishment sizes,169,1919,1923,1895,17162886,2044075,15004,690,,9.47,8.43,8.57,8.55,10.02,5.09,12.58,1.18,,2,1.2,130,7.3,124,6.9,107,6,690219,4.2,145642,7.7,-6155,-29.1,-17,-2.4
31003,5,1122,76,0,2017,3,,"Antelope County, Nebraska",Private,NAICS 1122 Hog and pig farming,"County, NAICS 4-digit -- by ownership sector",All establishment sizes,3,45,48,44,342662,62365,274,577,,41.6,88.99,95.62,89.6,111.18,85.77,84.24,1.22,,0,0,-3,-6.2,0,0,-10,-18.5,-63896,-15.7,5862,10.4,-103,-27.3,-48,-7.7
31027,5,1122,76,0,2017,3,,"Cedar County, Nebraska",Private,NAICS 1122 Hog and pig farming,"County, NAICS 4-digit -- by ownership sector",All establishment sizes,8,71,70,69,586572,55447,418,645,,94.4,115.9,118.28,117.15,162.71,63.02,197.05,1.39,,0,0,13,22.4,13,22.8,10,16.9,66493,12.8,15250,37.9,107,34.4,-45,-6.5
31037,5,1122,76,0,2017,3,,"Colfax County, Nebraska",Private,NAICS 1122 Hog and pig farming,"County, NAICS 4-digit -- by ownership sector",All establishment sizes,11,241,234,229,2382345,254439,2770,781,,136.86,200.66,197.96,194.18,266.13,121.97,545.3,1.35,,0,0,20,9,11,4.9,21,10.1,196690,9,12017,5,-1010,-26.7,7,0.9
31059,5,1122,76,0,2017,3,,"Fillmore County, Nebraska",Private,NAICS 1122 Hog and pig farming,"County, NAICS 4-digit -- by ownership sector",All establishment sizes,4,14,13,14,122763,16260,14,691,,54.01,27.61,26.42,28.94,37.62,19.19,6.84,1.36,,0,0,2,16.7,1,8.3,3,27.3,10132,9,13035,404.2,6,75,-52,-7
31067,5,1122,76,0,2017,3,,"Gage County, Nebraska",Private,NAICS 1122 Hog and pig farming,"County, NAICS 4-digit -- by ownership sector",All establishment sizes,4,63,64,64,596731,56286,288,721,,19.7,29.71,30.78,31.66,47.22,19.26,29.78,1.54,,0,0,2,3.3,5,8.5,5,8.5,72366,13.8,-18207,-24.4,-312,-52,45,6.7
31107,5,1122,76,0,2017,3,,"Knox County, Nebraska",Private,NAICS 1122 Hog and pig farming,"County, NAICS 4-digit -- by ownership sector",All establishment sizes,4,29,31,33,253755,32467,142,630,,46.66,41.22,45.68,49.72,68.92,33.73,52.58,1.52,,-1,-20,0,0,1,3.3,3,10,12739,5.3,3284,11.3,-101,-41.6,5,0.8
31141,5,1122,76,0,2017,3,,"Platte County, Nebraska",Private,NAICS 1122 Hog and pig farming,"County, NAICS 4-digit -- by ownership sector",All establishment sizes,12,251,252,247,2300139,266585,1657,708,,40.84,56.91,57.54,56.99,76.38,37.28,88.86,1.34,,1,9.1,6,2.4,2,0.8,3,1.2,84961,3.8,11753,4.6,-637,-27.8,16,2.3
31167,5,1122,76,0,2017,3,,"Stanton County, Nebraska",Private,NAICS 1122 Hog and pig farming,"County, NAICS 4-digit -- by ownership sector",All establishment sizes,5,79,79,78,834634,169869,1738,816,,185.5,252.62,256.48,255.38,287.63,444.82,1845.24,1.13,N,2,66.7,0,0,0,0,0,0,0,0,0,0,0,0,0,0
31183,5,1122,76,0,2017,3,,"Wheeler County, Nebraska",Private,NAICS 1122 Hog and pig farming,"County, NAICS 4-digit -- by ownership sector",All establishment sizes,5,56,58,54,475787,79291,130,654,,502.21,903.45,812.14,722.85,1202.18,635.23,712.28,1.49,N,0,0,0,0,0,0,0,0,0,0,0,0,0,0,0,0
36000,5,1122,56,0,2017,3,,New York -- Statewide,Private,NAICS 1122 Hog and pig farming,"State, NAICS 4-digit -- by ownership sector",All establishment sizes,6,26,24,24,171500,69875,2628,535,,0.04,0.01,0.01,0.01,0.01,0.01,0.06,0.64,,2,50,15,136.4,13,118.2,13,118.2,107781,169.2,44096,171.1,2070,371,89,20
37000,5,1122,56,0,2017,3,,North Carolina -- Statewide,Private,NAICS 1122 Hog and pig farming,"State, NAICS 4-digit -- by ownership sector",All establishment sizes,428,5091,5013,4972,42044965,21719169,80266,644,,6.43,5.1,5.01,5.02,5.2,3.96,4.62,1.03,,8,1.9,81,1.6,42,0.8,49,1,-1433203,-3.3,-1028634,-4.5,-127306,-61.3,-29,-4.3
37013,5,1122,76,0,2017,3,,"Beaufort County, North Carolina",Private,NAICS 1122 Hog and pig farming,"County, NAICS 4-digit -- by ownership sector",All establishment sizes,8,68,71,70,466943,351540,1209,516,,27.36,18.47,19.41,19.27,20.03,16.7,19.95,1.05,,4,100,18,36,17,31.5,17,32.1,91226,24.3,51197,17,-15,-1.2,-36,-6.5
37051,5,1122,76,0,2017,3,,"Cumberland County, North Carolina",Private,NAICS 1122 Hog and pig farming,"County, NAICS 4-digit -- by ownership sector",All establishment sizes,5,38,38,38,260030,148951,984,526,,3.32,1.41,1.4,1.41,1.34,1.18,2.6,0.95,,0,0,2,5.6,2,5.6,2,5.6,-2328,-0.9,6133,4.3,-919,-48.3,-35,-6.2
37061,5,1122,76,0,2017,3,,"Duplin County, North Carolina",Private,NAICS 1122 Hog and pig farming,"County, NAICS 4-digit -- by ownership sector",All establishment sizes,77,1175,1150,1153,9047764,5328256,15248,600,,294.97,267.12,257.3,258.48,351.78,181.81,167.48,1.35,,0,0,59,5.3,57,5.2,59,5.4,-480506,-5,-243154,-4.4,-34200,-69.2,-66,-9.9
37079,5,1122,76,0,2017,3,,"Greene County, North Carolina",Private,NAICS 1122 Hog and pig farming,"County, NAICS 4-digit -- by ownership sector",All establishment sizes,13,53,59,54,407329,326137,1417,566,,160.29,58.04,62.97,55.92,72.22,75.32,144.27,1.23,,2,18.2,-6,-10.2,1,1.7,-3,-5.3,7672,1.9,-10203,-3,-1390,-49.5,36,6.8
37083,5,1122,76,0,2017,3,,"Halifax County, North Carolina",Private,NAICS 1122 Hog and pig farming,"County, NAICS 4-digit -- by ownership sector",All establishment sizes,10,94,94,92,719109,394064,1474,593,,41.51,26.25,26.43,25.88,35.42,22.18,34.84,1.35,,0,0,-10,-9.6,-9,-8.7,-8,-8,-96544,-11.8,-74651,-15.9,-2562,-63.5,-20,-3.3
37101,5,1122,76,0,2017,3,,"Johnston County, North Carolina",Private,NAICS 1122 Hog and pig farming,"County, NAICS 4-digit -- by ownership sector",All establishment sizes,10,71,69,67,595064,375214,413,663,,11.83,6.64,6.37,6.19,8.43,6.26,2.63,1.32,,0,0,-24,-25.3,-25,-26.6,-26,-28,-227411,-27.6,-91922,-19.7,-1544,-78.9,-10,-1.5
37107,5,1122,76,0,2017,3,,"Lenoir County, North Carolina",Private,NAICS 1122 Hog and pig farming,"County, NAICS 4-digit -- by ownership sector",All establishment sizes,16,108,108,108,763975,358886,2417,544,,49.25,16.47,16.49,16.67,19.11,9.12,17.26,1.16,,1,6.7,0,0,1,0.9,1,0.9,-52998,-6.5,-33169,-8.5,-2926,-54.8,-42,-7.2
37133,5,1122,76,0,2017,3,,"Onslow County, North Carolina",Private,NAICS 1122 Hog and pig farming,"County, NAICS 4-digit -- by ownership sector",All establishment sizes,3,13,13,15,97232,80032,58,547,,4,1.21,1.16,1.36,1.55,1.43,0.38,1.24,N,-1,-25,0,0,0,0,0,0,0,0,0,0,0,0,0,0
37147,5,1122,76,0,2017,3,,"Pitt County, North Carolina",Private,NAICS 1122 Hog and pig farming,"County, NAICS 4-digit -- by ownership sector",All establishment sizes,14,115,115,117,868111,549005,3092,577,,15.25,6.68,6.64,6.71,6.38,7.3,13.29,0.96,,1,7.7,-8,-6.5,-17,-12.9,-17,-12.7,-110596,-11.3,-71248,-11.5,-3783,-55,-4,-0.7
37153,5,1122,76,0,2017,3,,"Richmond County, North Carolina",Private,NAICS 1122 Hog and pig farming,"County, NAICS 4-digit -- by ownership sector",All establishment sizes,5,24,24,24,182200,99254,217,584,,23.64,7.89,7.91,7.83,9.98,6.22,3.8,1.27,,0,0,-1,-4,0,0,1,4.3,9922,5.8,-2342,-2.3,-520,-70.6,32,5.8
37155,5,1122,76,0,2017,3,,"Robeson County, North Carolina",Private,NAICS 1122 Hog and pig farming,"County, NAICS 4-digit -- by ownership sector",All establishment sizes,10,86,86,86,579924,330104,1212,519,,20.45,9.86,9.86,9.84,11.54,7.1,8.83,1.17,,0,0,-1,-1.1,-1,-1.1,-1,-1.1,-42838,-6.9,-19330,-5.5,-1725,-58.7,-32,-5.8
37163,5,1122,76,0,2017,3,,"Sampson County, North Carolina",Private,NAICS 1122 Hog and pig farming,"County, NAICS 4-digit -- by ownership sector",All establishment sizes,67,1465,1435,1421,13512644,5762348,14517,722,,240.76,345.04,344.31,339.74,521.03,221.23,205.4,1.52,,-2,-2.9,-43,-2.9,-49,-3.3,-37,-2.5,-757031,-5.3,-339194,-5.6,-33782,-69.9,-18,-2.4
37185,5,1122,76,0,2017,3,,"Warren County, North Carolina",Private,NAICS 1122 Hog and pig farming,"County, NAICS 4-digit -- by ownership sector",All establishment sizes,6,67,66,66,580400,270583,1591,673,,84.33,92.04,90.43,92.97,150.74,87.3,191.75,1.64,,0,0,10,17.5,8,13.8,5,8.2,23168,4.2,4915,1.9,-1549,-49.3,-58,-7.9
38000,5,1122,56,0,2017,3,,North Dakota -- Statewide,Private,NAICS 1122 Hog and pig farming,"State, NAICS 4-digit -- by ownership sector",All establishment sizes,10,153,146,150,1647740,1199756,8582,847,,1.29,1.6,1.54,1.57,2.02,1.43,1.59,1.29,N,0,0,0,0,0,0,0,0,0,0,0,0,0,0,0,0
38095,5,1122,76,0,2017,3,,"Towner County, North Dakota",Private,NAICS 1122 Hog and pig farming,"County, NAICS 4-digit -- by ownership sector",All establishment sizes,3,57,51,54,545119,314880,3697,777,,123.54,350.95,303.26,322.58,521.27,283.45,802.41,1.61,N,0,0,0,0,0,0,0,0,0,0,0,0,0,0,0,0
39000,5,1122,56,0,2017,3,,Ohio -- Statewide,Private,NAICS 1122 Hog and pig farming,"State, NAICS 4-digit -- by ownership sector",All establishment sizes,76,966,985,995,8515356,1306639,27022,667,,1.05,0.77,0.79,0.81,0.83,0.58,1.4,1.05,,3,4.1,66,7.3,93,10.4,139,16.2,839197,10.9,269290,26,13768,103.9,-2,-0.3
39003,5,1122,76,0,2017,3,,"Allen County, Ohio",Private,NAICS 1122 Hog and pig farming,"County, NAICS 4-digit -- by ownership sector",All establishment sizes,3,76,88,88,575450,105803,1777,527,,4.96,6.4,7.48,7.61,6.74,5.17,11.15,0.94,,0,0,5,7,15,20.5,20,29.4,33220,6.1,32731,44.8,848,91.3,-63,-10.7
39057,5,1122,76,0,2017,3,,"Greene County, Ohio",Private,NAICS 1122 Hog and pig farming,"County, NAICS 4-digit -- by ownership sector",All establishment sizes,3,9,9,9,55694,6727,61,476,,3.46,0.52,0.53,0.53,0.36,0.27,0.32,0.68,N,-1,-25,0,0,0,0,0,0,0,0,0,0,0,0,0,0
39089,5,1122,76,0,2017,3,,"Licking County, Ohio",Private,NAICS 1122 Hog and pig farming,"County, NAICS 4-digit -- by ownership sector",All establishment sizes,3,39,42,49,429639,69347,1619,763,,3.66,3.13,3.4,4.01,4.95,3.03,9.06,1.41,N,1,50,0,0,0,0,0,0,0,0,0,0,0,0,0,0
39097,5,1122,76,0,2017,3,,"Madison County, Ohio",Private,NAICS 1122 Hog and pig farming,"County, NAICS 4-digit -- by ownership sector",All establishment sizes,4,85,104,114,777257,271948,5947,592,,19.56,20.87,25.75,29.04,26.63,35.75,110.99,1.06,N,1,33.3,0,0,0,0,0,0,0,0,0,0,0,0,0,0
39101,5,1122,76,0,2017,3,,"Marion County, Ohio",Private,NAICS 1122 Hog and pig farming,"County, NAICS 4-digit -- by ownership sector",All establishment sizes,4,28,27,30,222457,46921,943,604,,13.4,5,4.87,5.46,5.8,5.26,14.56,1.14,,0,0,5,21.7,3,12.5,7,30.4,23893,12,10668,29.4,434,85.3,-51,-7.8
39175,5,1122,76,0,2017,3,,"Wyandot County, Ohio",Private,NAICS 1122 Hog and pig farming,"County, NAICS 4-digit -- by ownership sector",All establishment sizes,4,68,70,57,489838,175650,3535,580,,28.01,31.46,32.81,27.27,33.91,57.23,165.7,1.11,,1,33.3,1,1.5,13,22.8,15,35.7,91174,22.9,18654,11.9,2041,136.6,26,4.7
40000,5,1122,56,0,2017,3,,Oklahoma -- Statewide,Private,NAICS 1122 Hog and pig farming,"State, NAICS 4-digit -- by ownership sector",All establishment sizes,61,4213,4209,4198,41203307,8600386,25700,753,,2.26,11.7,11.67,11.57,15.07,5.35,5.74,1.29,,3,5.2,79,1.9,61,1.5,68,1.6,-4919516,-10.7,-1747316,-16.9,-6879,-21.1,-105,-12.2
40063,5,1122,76,0,2017,3,,"Hughes County, Oklahoma",Private,NAICS 1122 Hog and pig farming,"County, NAICS 4-digit -- by ownership sector",All establishment sizes,6,69,73,67,492151,307581,1076,543,,89.2,107.44,108.41,95.32,152.42,90.72,94.53,1.47,,1,20,21,43.8,12,19.7,11,19.6,102781,26.4,46207,17.7,167,18.4,-2,-0.4
40107,5,1122,76,0,2017,3,,"Okfuskee County, Oklahoma",Private,NAICS 1122 Hog and pig farming,"County, NAICS 4-digit -- by ownership sector",All establishment sizes,4,19,20,21,172040,84104,1592,662,,82.36,38.14,39.05,39.4,66.33,33.08,197.44,1.71,,0,0,-4,-17.4,-4,-16.7,-2,-8.7,9076,5.6,-12285,-12.7,502,46.1,125,23.3
42000,5,1122,56,0,2017,3,,Pennsylvania -- Statewide,Private,NAICS 1122 Hog and pig farming,"State, NAICS 4-digit -- by ownership sector",All establishment sizes,53,443,451,434,4239796,484493,22456,737,,0.61,0.33,0.34,0.33,0.35,0.19,0.55,1.07,,1,1.9,-2,-0.4,19,4.4,7,1.6,222861,5.5,2641,0.5,2357,11.7,26,3.7
42055,5,1122,76,0,2017,3,,"Franklin County, Pennsylvania",Private,NAICS 1122 Hog and pig farming,"County, NAICS 4-digit -- by ownership sector",All establishment sizes,8,83,81,80,830653,93013,4584,786,,9.91,6.19,6.06,5.99,8.4,3.5,11.64,1.38,,0,0,7,9.2,7,9.5,5,6.7,48687,6.2,8580,10.2,1356,42,-16,-2
42067,5,1122,76,0,2017,3,,"Juniata County, Pennsylvania",Private,NAICS 1122 Hog and pig farming,"County, NAICS 4-digit -- by ownership sector",All establishment sizes,3,23,22,23,187131,27069,986,635,,22.88,14.79,14.24,14.77,20.1,8.19,19.25,1.38,N,1,50,0,0,0,0,0,0,0,0,0,0,0,0,0,0
42071,5,1122,76,0,2017,3,,"Lancaster County, Pennsylvania",Private,NAICS 1122 Hog and pig farming,"County, NAICS 4-digit -- by ownership sector",All establishment sizes,13,83,84,81,919272,111764,5421,855,,3.96,1.49,1.53,1.49,2.18,1.08,3.63,1.45,,0,0,-7,-7.8,-3,-3.4,-6,-6.9,3604,0.4,14751,15.2,972,21.8,55,6.9
42075,5,1122,76,0,2017,3,,"Lebanon County, Pennsylvania",Private,NAICS 1122 Hog and pig farming,"County, NAICS 4-digit -- by ownership sector",All establishment sizes,6,41,42,40,458919,45463,1943,861,,8.77,3.6,3.72,3.53,5.76,2.23,6.59,1.59,N,1,20,0,0,0,0,0,0,0,0,0,0,0,0,0,0
46000,5,1122,56,0,2017,3,,South Dakota -- Statewide,Private,NAICS 1122 Hog and pig farming,"State, NAICS 4-digit -- by ownership sector",All establishment sizes,35,647,629,618,6168036,1391530,8678,752,,4.31,6.5,6.37,6.37,8.69,4.9,11.78,1.36,,-1,-2.8,68,11.7,47,8.1,49,8.6,496939,8.8,266963,23.7,2237,34.7,-4,-0.5
46023,5,1122,76,0,2017,3,,"Charles Mix County, South Dakota",Private,NAICS 1122 Hog and pig farming,"County, NAICS 4-digit -- by ownership sector",All establishment sizes,4,35,35,36,309081,85318,335,673,,48.31,43.21,43.63,46.22,67.42,43.8,87.41,1.52,,0,0,-1,-2.8,-3,-7.9,-2,-5.3,-22711,-6.8,44201,107.5,161,92.5,-11,-1.6
46067,5,1122,76,0,2017,3,,"Hutchinson County, South Dakota",Private,NAICS 1122 Hog and pig farming,"County, NAICS 4-digit -- by ownership sector",All establishment sizes,5,65,62,61,656085,122694,681,805,,75.7,105.14,101.02,102.85,185.48,87.2,297.2,1.8,,0,0,7,12.1,-2,-3.1,-2,-3.2,78792,13.6,-5030,-3.9,54,8.6,85,11.8
47000,5,1122,56,0,2017,3,,Tennessee -- Statewide,Private,NAICS 1122 Hog and pig farming,"State, NAICS 4-digit -- by ownership sector",All establishment sizes,6,273,272,280,2700064,246600,2612,755,,0.16,0.41,0.4,0.42,0.49,0.2,0.59,1.21,,0,0,21,8.3,26,10.6,22,8.5,234582,9.5,50947,26,519,24.8,2,0.3
48000,5,1122,56,0,2017,3,,Texas -- Statewide,Private,NAICS 1122 Hog and pig farming,"State, NAICS 4-digit -- by ownership sector",All establishment sizes,16,611,615,613,5258720,720573,8968,660,,0.1,0.22,0.22,0.22,0.21,0.13,0.22,0.93,,-2,-11.1,33,5.7,47,8.3,43,7.5,-1343990,-20.4,-38463,-5.1,254,2.9,-228,-25.7
51000,5,1122,56,0,2017,3,,Virginia -- Statewide,Private,NAICS 1122 Hog and pig farming,"State, NAICS 4-digit -- by ownership sector",All establishment sizes,26,102,102,100,1049141,42025,176,796,,0.39,0.11,0.12,0.11,0.13,0.03,0.03,1.09,,-2,-7.1,-16,-13.6,-13,-11.3,-17,-14.5,-118651,-10.2,-18356,-30.4,-971,-84.7,26,3.4
53000,5,1122,56,0,2017,3,,Washington -- Statewide,Private,NAICS 1122 Hog and pig farming,"State, NAICS 4-digit -- by ownership sector",All establishment sizes,4,19,18,20,125386,125386,633,508,,0.07,0.02,0.02,0.03,0.01,0.02,0.02,0.61,N,1,33.3,0,0,0,0,0,0,0,0,0,0,0,0,0,0
55000,5,1122,56,0,2017,3,,Wisconsin -- Statewide,Private,NAICS 1122 Hog and pig farming,"State, NAICS 4-digit -- by ownership sector",All establishment sizes,25,246,248,249,2300727,365378,7101,715,,0.59,0.37,0.38,0.38,0.44,0.2,0.56,1.18,,3,13.6,11,4.7,16,6.9,23,10.2,25159,1.1,32035,9.6,-114,-1.6,-43,-5.7
55111,5,1122,76,0,2017,3,,"Sauk County, Wisconsin",Private,NAICS 1122 Hog and pig farming,"County, NAICS 4-digit -- by ownership sector",All establishment sizes,3,71,70,74,816364,64862,623,876,,6.15,7.92,8.01,8.83,14.33,2.29,3.32,1.74,,0,0,-4,-5.3,0,0,3,4.2,-137531,-14.4,-3905,-5.7,-159,-20.3,-143,-14
56000,5,1122,56,0,2017,3,,Wyoming -- Statewide,Private,NAICS 1122 Hog and pig farming,"State, NAICS 4-digit -- by ownership sector",All establishment sizes,3,137,131,133,1282956,821480,3633,738,,0.47,2.13,2.06,2.11,2.59,2.05,1.85,1.23,,0,0,-5,-3.5,-14,-9.7,-12,-8.3,-184352,-12.6,-84263,-9.3,-2315,-38.9,-46,-5.9
72000,5,1122,56,0,2017,3,,Puerto Rico -- Statewide,Private,NAICS 1122 Hog and pig farming,"State, NAICS 4-digit -- by ownership sector",All establishment sizes,22,88,85,88,241446,128760,4676,213,,1.95,0.44,0.43,0.45,0.27,0.62,2.23,0.61,,0,0,-7,-7.4,-5,-5.6,-9,-9.3,-14583,-5.7,-18631,-12.6,-493,-9.5,3,1.4
